is_phishing,body_length,subject_length,suspicious_keyword_count,url_count,special_char_count
1,1773,65,0,5,14
1,863,29,0,1,6
1,1585,51,1,1,14
1,0,43,0,0,0
1,1304,76,0,6,11
1,1204,37,0,0,9
1,2025,35,0,1,13
1,17,58,0,0,0
1,1044,91,0,3,7
1,3273,50,0,0,9
1,3471,62,1,1,33
1,1657,39,0,6,13
1,1059,23,0,2,7
1,1560,32,0,0,27
1,2460,69,1,2,19
1,1266,22,0,2,0
1,177,61,0,0,0
1,491,10,0,1,2
1,1301,45,0,0,4
1,0,43,0,0,0
1,215,15,0,1,5
1,716,38,0,5,11
1,886,49,0,1,2
1,198,9,0,0,2
1,498,29,0,1,3
1,8669,37,1,1,169
1,211,15,0,1,5
1,1805,37,0,4,80
1,2708,12,1,0,17
1,1853,55,0,0,24
1,0,43,0,0,0
1,935,31,0,4,4
1,748,51,0,1,8
1,2840,55,0,0,78
1,1186,50,0,4,13
1,1914,66,1,0,21
1,205,50,0,0,6
1,964,42,0,1,7
1,514,26,0,0,6
1,2668,60,0,3,56
1,2771,28,2,6,18
1,8223,70,1,0,70
1,528,16,0,0,2
1,807,55,0,1,6
1,583,55,0,2,6
1,742,40,0,2,0
1,574,43,0,0,22
1,0,21,0,0,0
1,1330,21,0,1,17
1,166,18,0,0,2
1,653,46,0,1,6
1,703,34,0,2,0
1,3906,35,0,1,3
1,0,25,0,0,0
1,0,19,0,0,0
1,222,95,0,0,0
1,1762,28,1,0,11
1,647,76,1,2,2
1,2750,34,1,1,18
1,2439,38,1,1,9
1,478,42,0,0,2
1,491,17,0,1,2
1,404,37,0,1,5
1,499,66,0,1,7
1,286,24,0,0,2
1,10856,40,0,9,38
1,196,12,0,0,2
1,734,31,0,0,8
1,3244,84,1,4,13
1,1779,74,0,5,14
1,2529,12,2,0,10
1,0,76,0,0,0
1,2415,27,1,0,5
1,649,20,0,2,4
1,925,58,0,3,61
1,692,41,0,2,0
1,2619,15,1,1,12
1,1481,28,0,0,14
1,1156,46,0,1,24
1,258,76,0,0,5
1,745,52,0,0,8
1,1204,36,0,0,9
1,3906,35,0,1,3
1,1317,59,0,4,7
1,1753,64,0,0,17
1,761,33,0,0,3
1,1802,39,0,1,9
1,1158,9,0,3,3
1,2345,16,1,1,14
1,3570,20,2,16,30
1,1062,23,0,1,78
1,1431,11,1,0,5
1,1268,54,0,0,12
1,218,46,0,1,3
1,500,26,0,0,2
1,1137,53,0,0,3
1,1161,21,2,3,2
1,1099,40,0,3,7
1,497,36,0,1,7
1,528,19,0,0,4
1,2715,37,0,1,17
1,310,26,0,1,5
1,1044,90,0,3,7
1,64,28,0,1,1
1,730,29,1,1,0
1,3061,41,2,0,8
1,2923,39,0,1,20
1,3060,42,0,1,5
1,176,20,0,0,0
1,3033,24,0,0,33
1,1218,65,0,3,5
1,1136,31,0,3,4
1,1503,17,0,2,0
1,1665,28,1,1,1
1,1126,28,0,1,1
1,1080,37,0,0,5
1,1754,29,0,0,10
1,1793,64,0,0,18
1,915,38,0,0,6
1,771,32,0,2,59
1,1702,57,0,2,15
1,1888,38,1,1,14
1,504,29,0,0,2
1,1122,13,0,3,4
1,1055,37,0,3,1
1,432,76,0,0,0
1,553,15,0,1,1
1,3146,31,1,1,11
1,6652,27,1,0,254
1,0,22,0,0,0
1,1217,65,0,2,3
1,904,33,0,2,5
1,670,34,0,2,0
1,9581,37,0,1,170
1,2389,53,0,1,33
1,325,41,0,0,0
1,564,40,0,2,6
1,887,27,0,0,3
1,964,42,0,1,7
1,995,18,0,1,54
1,1436,30,0,1,6
1,788,25,0,1,255
1,735,36,0,1,10
1,158,43,0,0,0
1,2532,41,0,0,13
1,299,56,0,0,2
1,878,20,0,0,8
1,1440,46,0,1,11
1,258,80,0,0,5
1,4,11,0,0,0
1,2236,7,2,1,5
1,1062,23,0,1,78
1,2268,28,0,1,6
1,1069,28,0,3,1
1,568,41,0,1,8
1,89,24,0,0,6
1,628,19,0,0,8
1,1102,40,0,1,8
1,1157,30,0,0,6
1,490,73,0,1,7
1,1532,20,0,1,16
1,622,73,0,6,14
1,1200,52,0,0,2
1,2510,56,0,2,54
1,16442,34,0,0,60
1,86,22,0,0,6
1,1281,18,0,3,97
1,272,35,0,1,2
1,1443,49,0,0,10
1,0,61,0,0,0
1,3042,22,1,0,10
1,1049,15,0,2,327
1,495,62,0,1,7
1,723,30,0,2,0
1,0,43,0,0,0
1,1118,52,0,3,4
1,858,29,0,0,4
1,3026,26,0,0,27
1,3027,33,0,0,27
1,2025,35,0,1,13
1,1364,33,0,1,10
1,1599,73,0,1,16
1,348,40,0,0,13
1,2892,42,2,1,19
1,937,32,0,4,5
1,959,20,0,0,10
1,2533,14,0,0,13
1,1149,55,0,0,3
1,1500,56,0,0,18
1,733,20,0,0,10
1,0,63,0,0,0
1,3285,46,1,5,22
1,3024,19,1,1,23
1,228,20,0,1,1
1,18553,42,1,1,122
1,624,76,0,6,14
1,744,28,0,0,63
1,1086,21,0,1,2
1,349,29,0,1,6
1,4820,51,1,0,28
1,0,81,0,0,0
1,1328,43,0,0,18
1,2817,50,0,4,143
1,679,54,0,0,2
1,1044,90,0,3,7
1,872,20,0,1,5
1,1111,60,1,0,21
1,1650,39,0,6,13
1,1767,30,1,0,11
1,3006,12,1,1,23
1,5518,58,2,2,8
1,1301,32,0,0,4
1,780,61,0,7,16
1,1481,28,0,0,14
1,1753,71,0,0,17
1,659,64,0,5,8
1,1045,80,0,2,121
1,1018,31,0,1,11
1,964,31,0,0,2
1,3080,31,2,1,7
1,219,46,0,1,3
1,943,19,0,0,9
1,781,53,0,7,16
1,912,60,0,0,16
1,669,43,0,2,14
1,1324,44,0,2,8
1,0,43,0,0,0
1,679,44,0,5,10
1,978,30,0,3,6
1,1057,36,0,3,11
1,2510,57,0,2,54
1,1444,19,0,0,18
1,2904,76,2,6,16
1,34,26,0,0,0
1,176,43,0,0,0
1,9595,37,0,1,170
1,2284,16,1,1,14
1,2858,15,0,0,66
1,1306,74,0,0,16
1,1099,40,0,3,7
1,1049,15,0,2,327
1,553,53,0,0,3
1,1030,27,0,2,7
1,564,96,0,2,7
1,657,56,0,1,4
1,1138,39,0,1,24
1,1055,49,0,0,0
1,1755,58,0,0,17
1,1074,26,0,2,7
1,1253,51,0,4,13
1,1121,36,1,2,3
1,708,51,0,0,8
1,3164,56,0,0,18
1,666,43,0,2,14
1,0,20,0,0,0
1,20411,53,1,0,300
1,1148,47,1,0,23
1,1204,48,0,0,9
1,1359,38,0,1,14
1,1134,32,0,3,4
1,405,14,0,1,2
1,1762,42,0,0,41
1,211,15,0,1,5
1,858,58,0,2,44
1,2836,56,3,1,14
1,0,40,0,0,0
1,1304,76,0,6,11
1,2402,34,0,0,42
1,664,61,0,6,13
1,703,68,0,0,8
1,1287,35,1,0,7
1,163,18,0,1,0
1,7813,80,1,0,142
1,2110,15,0,1,21
1,2788,22,0,1,5
1,0,85,0,0,0
1,3204,64,2,4,20
1,1304,76,0,6,11
1,1793,58,1,1,12
1,622,22,0,1,13
1,1127,30,0,3,5
1,267,31,0,0,0
1,491,16,0,1,2
1,929,22,0,0,17
1,2746,82,0,0,37
1,1687,67,1,0,26
1,897,57,0,0,4
1,0,13,0,0,0
1,3353,21,0,3,0
1,1744,38,0,1,35
1,3524,17,2,1,16
1,498,99,0,2,5
1,437,50,0,0,3
1,859,43,0,0,11
1,16172,75,1,0,235
1,0,7,0,0,0
1,970,37,0,3,1
1,721,20,0,2,0
1,8681,34,1,1,169
1,413,36,0,2,2
1,10850,40,0,9,38
1,1240,41,0,1,7
1,544,54,1,2,7
1,355,21,0,0,11
1,593,29,0,2,16
1,541,47,0,2,6
1,1671,42,1,4,3
1,2626,43,1,2,13
1,780,67,0,7,16
1,1872,43,0,0,19
1,758,98,0,3,7
1,3162,24,2,4,11
1,1240,41,0,1,7
1,1944,21,2,0,10
1,16292,48,1,1,237
1,574,28,0,1,1
1,1323,42,0,0,17
1,1237,42,0,1,18
1,3452,55,0,0,27
1,2769,25,1,1,6
1,1004,31,0,1,5
1,720,41,0,2,0
1,775,32,0,2,59
1,2740,31,1,1,7
1,2817,50,0,4,143
1,1504,19,0,0,18
1,1097,31,0,1,9
1,1052,44,0,3,11
1,226,17,0,0,0
1,108,91,0,0,0
1,0,20,0,0,0
1,564,96,0,2,7
1,2517,39,1,0,10
1,113,25,0,0,0
1,491,27,0,1,0
1,709,41,0,2,0
1,606,51,0,1,11
1,4475,53,3,1,16
1,1500,54,0,0,18
1,16714,17,0,0,63
1,16135,41,1,0,235
1,1060,49,1,3,9
1,1121,31,0,1,9
1,0,5,0,0,0
1,3919,13,1,0,51
1,785,24,0,0,1
1,182,54,0,0,0
1,1450,10,1,1,3
1,1581,22,1,3,6
1,2218,30,2,1,10
1,71530,32,3,7,207
1,750,41,1,1,9
1,1204,33,0,0,9
1,1033,44,0,0,6
1,1140,38,0,2,4
1,768,33,0,6,14
1,645,46,1,0,5
1,1679,52,0,0,10
1,904,33,0,2,5
1,487,46,0,1,7
1,1350,66,0,4,6
1,624,26,0,0,1
1,491,15,0,1,2
1,887,27,0,0,3
1,698,35,0,2,4
1,1406,31,0,3,2
1,498,29,0,1,3
1,3810,42,0,1,63
1,1306,80,0,2,18
1,1300,45,0,1,2
1,1101,31,0,3,7
1,2345,16,1,1,14
1,3030,18,0,0,29
1,348,44,0,0,13
1,3026,19,0,0,26
1,737,26,0,0,7
1,639,35,0,2,11
1,1159,40,0,3,7
1,528,16,0,0,2
1,65,23,0,0,0
1,1737,26,0,0,4
1,1129,48,0,3,4
1,546,28,0,2,0
1,3290,25,0,1,10
1,174,54,0,0,0
1,15344,21,1,0,231
1,0,14,0,0,0
1,346,38,0,0,12
1,15811,66,0,0,198
1,1698,51,1,4,6
1,481,22,0,3,1
1,887,27,0,0,3
1,2532,41,0,0,13
1,2432,40,0,2,8
1,64,28,0,1,1
1,4066,41,0,0,10
1,4341,17,1,1,15
1,4359,53,1,0,30
1,1592,60,0,0,22
1,682,56,0,0,13
1,613,12,0,0,0
1,3427,18,1,0,30
1,403,38,0,0,1
1,256,24,0,3,0
1,3406,52,0,0,18
1,2488,15,0,0,25
1,606,51,0,1,11
1,0,62,0,0,0
1,2874,35,2,1,19
1,283,17,0,0,4
1,631,57,1,2,10
1,1029,32,0,1,15
1,2798,48,1,2,5
1,2510,57,0,2,54
1,2532,14,0,0,13
1,625,71,0,6,14
1,676,35,0,2,0
1,1775,38,0,1,13
1,2460,24,0,1,33
1,760,70,0,3,18
1,0,21,0,0,0
1,124927,29,0,1,8
1,514,6,0,0,2
1,1082,37,0,0,5
1,1558,56,0,0,16
1,9605,37,0,1,170
1,2335,40,0,0,12
1,1277,31,0,5,129
1,0,16,0,0,0
1,1520,19,0,0,18
1,23854,7,0,0,1294
1,16421,16,0,0,60
1,17965,85,2,0,84
1,858,56,1,3,6
1,657,41,0,2,0
1,539,39,1,0,1
1,498,99,0,2,5
1,0,50,0,0,0
1,1291,53,0,2,18
1,583,54,0,2,6
1,2997,24,1,0,9
1,2949,24,2,1,7
1,589,64,0,0,2
1,750,30,1,0,1
1,2327,18,0,0,12
1,22939,4,0,0,0
1,914,59,0,0,16
1,547,55,0,2,5
1,669,43,0,2,14
1,0,39,0,0,0
1,1128,26,0,2,2
1,1038,31,0,1,5
1,3280,84,1,4,13
1,1886,41,1,3,8
1,286,24,0,0,2
1,3166,18,0,1,5
1,1513,69,0,0,20
1,704,61,0,0,8
1,1592,65,0,0,22
1,359,12,0,2,0
1,1068,34,2,2,2
1,310,21,0,1,2
1,1323,10,0,0,9
1,498,109,0,2,5
1,625,67,0,6,14
1,1010,58,0,1,13
1,939,10,0,0,9
1,773,42,0,2,59
1,355,21,0,0,11
1,1793,56,0,0,18
1,3434,19,0,1,33
1,220,15,0,1,5
1,851,64,1,3,6
1,132,86,0,0,0
1,1181,25,0,1,1
1,805,33,0,0,11
1,805,46,0,0,11
1,4288,21,2,1,5
1,1033,44,0,0,6
1,346,38,0,0,12
1,1236,42,0,2,18
1,1049,15,0,2,327
1,1253,35,0,0,13
1,847,33,0,0,11
1,1826,59,0,0,18
1,340,41,0,2,0
1,1093,58,0,2,4
1,1136,28,0,3,4
1,0,58,0,0,0
1,1665,28,1,1,1
1,2765,17,2,6,18
1,3812,29,0,1,21
1,1753,29,0,0,10
1,1899,38,0,1,5
1,286,42,0,0,0
1,15344,21,1,0,231
1,400,21,0,1,9
1,1885,18,0,0,4
1,1646,46,1,0,26
1,3399,55,0,0,18
1,498,99,0,2,5
0,198,48,0,1,2
0,5365,25,0,1,11
0,791,11,0,1,8
0,1907,23,0,1,12
0,114,49,0,1,2
0,808,13,0,1,7
0,553,25,0,2,0
0,2160,42,0,6,4
0,737,34,0,0,4
0,2474,22,0,2,34
0,553,48,0,1,0
0,150,97,0,0,2
0,1360,32,0,2,6
0,2143,35,1,1,47
0,341,21,0,1,0
0,738,54,0,0,16
0,1049,39,0,3,3
0,4583,30,0,3,3
0,1078,17,1,2,0
0,573,13,0,1,2
0,2105,48,0,4,8
0,2873,63,0,1,8
0,1188,51,0,5,14
0,2040,21,0,2,4
0,150,37,0,2,2
0,862,37,0,0,15
0,377,14,0,2,3
0,584,20,0,0,2
0,742,48,2,2,7
0,1254,49,0,2,10
0,8407,74,1,0,40
0,605,31,0,1,2
0,1093,59,0,2,0
0,168,22,0,0,0
0,161,31,0,1,2
0,376,28,0,1,2
0,184,33,0,1,0
0,265,41,0,1,2
0,3744,34,0,3,5
0,1660,34,0,4,9
0,1972,14,0,0,2
0,108,78,0,1,2
0,1121,13,0,1,7
0,973,28,0,2,0
0,1057,23,0,0,3
0,4584,32,0,2,21
0,793,32,0,3,4
0,444,79,0,1,5
0,619,18,0,0,1
0,574,64,0,1,1
0,145,12,0,0,7
0,683,14,1,7,4
0,298,10,0,2,0
0,837,7,1,5,8
0,284,55,0,2,0
0,201,48,0,1,2
0,398,73,0,1,0
0,1782,41,0,2,5
0,2675,46,3,1,11
0,213,12,0,3,2
0,2281,10,0,1,2
0,4630,17,1,2,1
0,1049,32,0,4,3
0,2228,22,0,0,13
0,194,34,0,0,1
0,568,73,0,0,2
0,561,31,0,0,0
0,556,17,0,0,1
0,403,11,0,1,0
0,787,36,0,4,3
0,1811,32,0,4,4
0,2000,42,0,1,5
0,394,22,0,2,3
0,356,16,0,0,0
0,770,42,0,0,0
0,238,37,0,1,2
0,1610,65,0,0,7
0,539,34,0,1,0
0,877,29,0,1,3
0,498,16,0,1,2
0,825,24,0,4,3
0,1232,32,0,4,8
0,508,29,0,1,2
0,270,45,0,0,0
0,507,11,0,1,0
0,504,43,0,3,3
0,197,28,0,2,0
0,335,11,0,1,2
0,1404,52,0,1,22
0,1314,14,0,2,6
0,449,42,1,0,0
0,416,34,0,1,8
0,741,11,0,0,9
0,1801,44,0,2,5
0,334,9,0,1,0
0,1471,24,0,4,3
0,1281,17,2,1,4
0,1985,13,0,2,30
0,842,20,0,6,3
0,1762,13,0,1,4
0,2049,17,1,6,4
0,362,55,0,1,0
0,833,15,0,0,3
0,2183,60,0,1,18
0,1715,47,0,2,9
0,900,38,0,3,2
0,3134,94,0,6,2
0,340,11,0,0,0
0,570,20,0,4,0
0,579,30,0,1,6
0,1099,35,0,3,3
0,1247,27,1,1,8
0,1068,20,0,1,6
0,1170,6,0,2,1
0,3511,14,0,1,4
0,159,29,0,1,0
0,2675,46,3,1,11
0,209,34,0,1,0
0,874,22,1,1,4
0,1404,29,0,2,13
0,660,80,0,1,2
0,1123,10,0,1,1
0,1141,24,0,2,5
0,660,26,0,2,0
0,505,52,0,1,0
0,1921,25,1,2,57
0,1620,29,1,1,7
0,1530,32,0,3,4
0,272,16,0,1,0
0,350,25,0,1,0
0,329,78,0,2,0
0,759,90,0,3,2
0,215,32,0,1,2
0,2116,65,2,3,7
0,726,23,0,1,2
0,3357,49,1,3,17
0,1048,72,0,2,6
0,1546,47,1,2,4
0,237,25,0,2,0
0,1774,32,0,2,4
0,3191,31,0,4,8
0,1918,14,0,1,13
0,426,12,0,2,1
0,1164,21,0,8,2
0,650,21,0,5,2
0,454,32,0,0,1
0,399,48,0,1,0
0,1360,33,0,4,5
0,157,35,0,2,2
0,2365,43,0,3,5
0,784,35,0,3,6
0,2189,50,0,0,23
0,21508,38,0,0,33
0,385,16,0,1,1
0,753,47,0,0,0
0,1059,73,0,1,2
0,1667,43,0,4,5
0,638,63,0,2,2
0,1684,35,0,0,8
0,673,15,0,5,6
0,586,30,0,1,11
0,539,10,0,1,2
0,590,35,0,2,2
0,1341,24,0,2,10
0,1121,48,0,3,0
0,852,38,0,3,3
0,1675,24,0,1,33
0,717,14,0,1,1
0,394,30,0,0,5
0,1650,56,0,0,0
0,1660,13,0,3,0
0,1693,33,0,2,6
0,389,32,0,1,4
0,627,28,0,0,4
0,849,60,0,2,3
0,2895,39,1,2,22
0,878,39,0,3,8
0,1017,27,0,1,3
0,566,53,0,2,2
0,2798,60,0,2,18
0,446,60,0,5,3
0,613,31,0,3,3
0,1028,26,0,0,4
0,4501,36,0,3,21
0,2106,30,0,4,14
0,1162,42,0,1,4
0,268,78,0,2,0
0,2336,20,1,2,5
0,2739,27,1,0,35
0,803,44,0,0,3
0,895,22,1,3,7
0,1180,56,1,2,3
0,1847,11,0,1,6
0,1826,49,0,3,3
0,1052,46,0,3,5
0,600,24,0,2,2
0,1266,42,0,0,8
0,501,66,0,1,2
0,480,11,0,1,0
0,196,38,0,1,2
0,1234,43,0,1,1
0,2041,31,0,6,7
0,268,25,0,0,3
0,144,40,0,0,1
0,536,17,0,1,5
0,1577,27,0,1,5
0,386,19,0,2,1
0,122,23,0,0,1
0,1562,24,0,1,11
0,646,32,0,1,0
0,586,24,1,1,1
0,242,23,0,1,4
0,538,51,0,1,2
0,2079,50,0,0,24
0,1884,14,2,2,14
0,431,50,0,0,6
0,392,34,0,5,2
0,565,23,0,1,3
0,1215,62,1,2,21
0,1765,52,0,4,2
0,3142,54,0,2,4
0,721,30,0,1,9
0,1189,24,0,1,2
0,324,34,0,0,0
0,243,23,0,0,0
0,2518,27,1,1,13
0,989,34,1,3,2
0,3480,45,0,1,15
0,1202,59,0,2,5
0,2096,11,0,1,7
0,891,44,0,0,1
0,233,21,0,1,3
0,532,32,0,0,0
0,206,45,0,2,1
0,407,63,0,1,2
0,145,31,0,1,0
0,101,57,0,1,2
0,190,46,0,1,2
0,1944,32,0,0,11
0,284,55,0,2,0
0,325,29,0,0,0
0,146,11,0,0,0
0,780,39,0,0,1
0,211,39,0,1,0
0,1247,41,0,3,3
0,573,22,0,0,8
0,1524,33,0,1,17
0,1554,26,2,0,19
0,1594,53,0,0,4
0,304,30,0,2,3
0,953,33,0,3,4
0,171,45,0,1,2
0,2727,31,0,0,2
0,992,21,0,2,0
0,925,27,0,0,6
0,1568,33,0,9,8
0,696,78,0,4,2
0,1027,56,0,1,2
0,182,33,0,1,2
0,159,83,0,2,2
0,938,74,1,0,6
0,958,34,0,0,2
0,415,32,0,1,2
0,1044,13,0,2,2
0,153,29,0,1,0
0,3545,34,0,3,11
0,928,37,0,6,7
0,5488,93,0,0,64
0,766,42,1,0,0
0,764,14,0,2,4
0,1099,45,0,1,14
0,341,77,0,2,0
0,1019,59,0,2,2
0,168,26,0,1,2
0,713,29,0,1,2
0,498,16,0,1,2
0,985,30,0,1,5
0,649,32,0,1,2
0,1120,23,0,1,5
0,845,39,0,0,21
0,475,38,0,1,6
0,87980,39,1,0,117
0,990,27,0,1,7
0,880,69,0,2,0
0,419,25,0,0,0
0,701,75,0,3,2
0,255,23,0,0,1
0,817,54,0,2,4
0,663,18,0,1,0
0,207,27,0,1,2
0,542,15,0,0,2
0,2200,40,0,3,11
0,617,35,0,2,2
0,599,17,0,1,2
0,1659,36,0,1,2
0,110,62,0,0,0
0,1304,62,0,0,7
0,216,35,0,1,0
0,553,48,0,1,0
0,555,17,0,3,2
0,790,44,0,1,3
0,1167,17,0,3,2
0,471,27,0,4,2
0,441,8,0,0,0
0,1087,46,0,4,10
0,949,64,0,2,4
0,944,44,0,2,3
0,544,35,0,1,2
0,259,30,0,1,2
0,1952,45,0,0,7
0,420,22,0,0,1
0,205,49,0,1,2
0,989,22,0,3,7
0,317,49,0,1,2
0,4457,56,0,1,6
0,273,10,0,2,0
0,696,45,0,2,2
0,209,48,0,2,1
0,274,32,0,1,0
0,57,2,0,0,0
0,3436,28,0,1,12
0,887,23,0,1,4
0,2497,3,0,0,2
0,192,45,0,1,0
0,88,24,0,0,0
0,103,63,0,1,2
0,3842,9,0,5,12
0,733,16,0,3,2
0,1646,20,0,1,5
0,194,38,0,1,0
0,3971,56,1,2,37
0,995,24,0,4,1
0,714,29,0,2,2
0,1373,15,0,0,8
0,1679,24,0,1,21
0,1286,44,0,2,1
0,454,51,0,0,0
0,7991,42,0,0,6
0,881,24,0,1,4
0,959,25,0,0,3
0,1780,32,0,3,4
0,222,36,0,1,2
0,561,50,0,0,5
0,158,107,0,2,2
0,195,51,0,1,4
0,234,33,0,1,2
0,500,35,0,4,16
0,301,31,0,1,1
0,1162,30,0,1,6
0,1160,17,0,2,4
0,154,30,0,0,0
0,543,27,0,3,5
0,156,83,0,2,2
0,990,49,0,0,5
0,631,26,0,0,2
0,768,32,0,1,6
0,1094,50,0,0,9
0,657,23,0,0,1
0,457,39,0,0,2
0,652,20,0,0,2
0,527,7,0,3,4
0,195,30,0,1,0
0,497,28,0,2,1
0,2519,30,0,2,11
0,608,11,0,1,2
0,2303,38,0,3,3
0,1746,22,0,0,9
0,2024,22,0,0,15
0,1588,42,0,1,6
0,840,30,0,1,6
0,200,38,0,1,0
0,536,17,0,1,5
0,406,52,0,0,0
0,165,31,0,1,2
0,590,41,0,1,2
0,141,37,0,1,2
0,1608,72,0,0,3
0,2339,25,1,2,59
0,2792,17,2,3,2
0,824,42,0,2,7
0,971,29,0,0,3
0,209,30,0,1,0
0,2725,24,0,1,1
0,157,38,0,2,2
0,583,40,0,1,0
0,1175,42,0,2,2
0,514,42,0,0,0
0,610,26,0,2,12
0,498,16,0,1,2
0,407,24,0,1,3
0,738,29,0,0,10
0,654,25,0,1,9
0,3303,23,0,8,41
0,1220,76,0,5,2
0,555,48,0,3,0
0,3030,45,0,0,10
0,2296,49,1,11,9
0,2007,60,0,0,0
0,1777,39,0,0,7
0,417,52,0,1,0
0,1287,22,0,1,8
0,287,2,0,2,0
0,1252,32,0,2,2
0,1671,22,0,0,19
0,1513,23,0,0,4
0,154,78,0,2,2
0,1050,52,0,1,7
0,408,50,0,0,7
0,3818,108,1,2,111
0,174,39,0,1,0
0,857,84,0,0,2
0,1538,33,1,6,15
0,2031,51,0,0,2
0,442,39,0,0,0
0,545,23,0,0,0
0,1133,46,0,1,2
0,495,64,0,3,1
0,918,13,0,2,2
0,772,35,0,3,4
0,729,23,0,1,1
0,2255,54,0,0,5
0,2695,27,0,4,11
0,3381,45,0,1,10
0,385,16,0,1,1
0,168,16,0,0,0
0,868,17,1,1,0
0,293,74,0,1,0
0,535,57,0,0,3
0,1404,52,0,1,22
0,1645,24,0,2,3
0,7163,40,0,0,34
0,731,41,0,4,4
0,516,29,0,0,0
0,220,45,0,1,0
0,900,53,0,2,2
0,1066,31,0,2,4
0,2179,43,0,4,7
0,706,17,0,0,4
0,759,29,0,1,0
0,1436,39,0,3,3
0,262,40,0,1,4
0,711,18,1,0,7
0,529,37,0,3,3
0,1393,11,0,1,3
0,2365,78,0,5,14
0,497,22,0,1,2
0,481,51,0,1,0
0,2215,56,0,2,24
0,135,9,0,0,3
0,211,45,0,2,0
0,154,44,0,2,2
0,1360,34,0,0,2
0,726,45,0,0,4
0,1372,51,0,2,15
0,2023,45,0,1,4
0,299,15,0,1,0
0,1778,23,0,2,23
0,2419,9,0,0,2
0,105,87,0,1,2
0,1935,31,0,0,11
0,171,44,0,1,0
0,529,55,0,2,0
0,1452,58,0,1,2
0,354,41,0,1,0
0,38481,47,2,4,53
0,11202,56,0,2,74
0,209,48,0,2,1
0,738,29,0,0,0
0,1054,45,0,2,12
0,977,56,0,2,7
0,2042,22,1,0,2
0,539,10,0,1,2
0,745,24,0,2,0
0,408,13,0,0,0
0,1626,53,0,3,2
0,787,29,0,0,1
0,126,4,0,1,0
0,655,29,0,0,2
0,1316,14,0,2,4
0,3241,40,0,1,7
0,6071,27,1,2,348
0,1053,47,1,2,2
0,998,52,0,3,0
0,642,23,0,0,8
0,472,25,0,2,0
0,3303,23,0,8,41
0,1959,28,2,0,8
0,806,25,0,2,3
0,2680,40,0,0,5
0,1033,27,0,1,6
0,186,30,0,0,0
0,804,32,0,2,2
0,689,77,0,3,2
0,1196,48,0,4,4
0,1345,68,0,2,5
0,1078,17,1,2,0
0,1122,65,0,0,4
0,1332,27,0,8,10
0,432,78,0,2,0
0,811,22,0,2,4
0,881,33,0,5,7
0,1015,26,0,1,1
0,385,14,0,1,2
0,265,47,0,1,2
0,728,71,0,1,2
0,1163,78,0,3,0
0,263,54,0,1,4
0,1186,29,0,2,5
0,1557,38,0,1,4
0,369,64,0,0,1
0,719,29,0,1,4
0,751,42,0,1,3
0,2311,24,0,1,10
0,487,11,0,1,3
0,783,37,0,3,11
0,1823,29,0,2,3
0,2644,43,0,0,21
0,852,26,0,3,2
0,783,35,0,3,6
0,418,31,0,0,0
0,1050,49,1,1,0
0,178,25,0,1,3
0,221,18,0,1,0
0,599,35,0,2,2
0,395,21,0,1,0
0,142,36,0,0,0
0,1163,53,0,0,2
0,1375,11,0,1,2
0,108,24,0,1,2
0,1264,18,0,8,3
0,386,32,0,3,3
0,410,26,0,4,3
0,1049,42,1,2,9
0,1472,46,0,3,8
0,238,38,0,2,0
0,816,26,0,0,0
0,5493,42,0,1,39
0,368,35,0,1,1
0,885,45,0,1,5
0,383,18,0,1,0
0,865,27,0,4,5
0,734,22,0,1,5
0,196,34,0,1,4
0,309,17,0,1,3
0,888,79,1,0,1
0,1053,47,1,2,2
0,1582,42,0,2,4
0,1381,33,0,4,3
0,668,37,0,0,10
0,530,75,0,5,3
0,589,41,0,3,2
0,834,20,0,1,5
0,1626,39,0,2,3
0,449,26,0,0,0
0,756,40,0,2,0
0,1223,53,0,2,0
0,1233,47,0,2,11
0,114,43,0,1,2
0,348,21,0,4,3
0,1581,34,0,0,4
0,632,35,0,2,4
0,391,38,0,1,6
0,503,41,0,1,0
0,106,81,0,1,2
0,61,49,0,1,0
0,804,30,1,1,9
0,881,65,0,0,2
0,1297,20,0,1,20
0,832,47,0,1,1
0,210,39,0,1,0
0,599,44,0,0,3
0,205,27,0,1,0
0,978,51,0,0,2
0,471,78,0,3,2
0,1719,30,0,1,6
0,966,27,0,3,10
0,2469,22,0,0,16
0,167,42,0,1,2
0,799,30,0,1,3
0,914,36,0,2,1
0,3286,22,0,0,17
0,478,45,0,0,0
0,1532,72,1,2,18
0,940,41,0,3,10
0,7277,12,0,20,47
0,222,17,0,0,5
0,339,30,0,1,4
0,2622,51,0,0,6
0,1822,45,0,0,10
0,1037,43,0,1,23
0,922,41,0,3,1
0,685,12,0,4,1
0,234,37,0,2,2
0,1292,63,0,2,3
0,1033,75,0,3,2
0,1449,60,0,3,5
0,312,34,0,1,0
0,207,33,0,1,2
0,1670,42,0,1,5
0,894,24,1,3,2
0,629,34,0,1,2
0,973,33,0,3,2
0,682,42,1,1,3
0,2823,22,1,0,11
0,772,35,0,1,6
0,1743,23,0,0,3
0,931,49,1,0,12
0,1377,56,0,2,2
0,1251,51,0,1,4
0,1047,11,0,2,5
0,206,35,0,1,0
0,610,22,0,0,0
0,2560,40,0,1,4
0,833,61,0,0,0
0,768,22,0,1,8
0,1085,17,0,0,2
0,364,15,0,0,3
0,368,29,0,1,3
0,1112,30,0,0,7
0,4201,27,0,1,53
0,4112,41,0,2,96
0,1666,22,0,0,13
0,1174,22,0,1,0
0,347,42,0,0,0
0,1468,50,0,4,5
0,979,23,0,2,8
0,2315,36,0,3,4
0,730,61,0,0,5
0,1543,24,1,2,2
0,2873,63,0,1,8
0,762,66,0,2,4
0,1251,58,0,5,11
0,1074,16,1,1,0
0,383,78,0,2,1
0,1001,33,0,1,13
0,543,29,0,1,1
0,3511,14,0,1,4
0,424,16,0,1,0
0,1160,22,0,1,6
0,404,7,0,1,0
0,1238,51,0,0,8
0,470,16,0,4,3
0,1129,33,0,5,9
0,664,38,0,3,0
0,1569,56,0,3,11
0,620,26,0,0,0
0,7071,97,0,0,72
0,1033,19,0,4,3
0,897,11,0,1,4
0,871,64,1,2,8
0,649,40,0,0,8
0,543,29,0,1,1
0,871,24,0,1,6
0,293,74,0,0,2
0,208,30,0,1,0
0,746,11,0,3,5
0,797,8,0,1,15
0,1681,49,0,1,13
0,905,20,0,2,5
0,812,63,0,0,0
0,115,87,0,1,2
0,454,32,0,0,1
0,548,75,0,2,5
0,3851,29,0,0,4
0,503,41,0,1,0
0,638,14,0,0,2
0,527,43,0,0,5
0,277,24,0,1,2
0,1631,22,0,4,8
0,699,13,0,1,2
0,599,35,0,3,3
0,693,52,0,0,2
0,1345,52,0,1,8
0,1147,8,0,1,5
0,222,28,0,1,2
0,605,50,0,4,5
0,208,31,0,1,2
0,1445,54,0,1,9
0,7687,22,0,1,53
0,1094,60,0,3,0
0,5382,29,0,3,14
0,317,78,0,2,0
0,843,31,0,3,5
0,3269,28,0,1,1
0,357,26,0,1,2
0,1434,27,0,1,8
0,506,21,0,3,0
0,644,51,0,2,2
0,946,36,0,2,6
0,85701,35,1,0,117
0,358,47,0,0,0
0,1291,43,0,0,6
0,766,22,1,1,3
0,206,42,0,1,0
0,917,24,0,2,5
0,1930,47,0,1,11
0,1090,30,0,1,2
0,2126,24,1,1,2
0,265,41,0,1,2
0,169,42,0,1,0
0,622,23,0,0,0
0,466,8,0,1,1
0,410,8,0,0,4
0,923,84,0,2,7
0,583,25,0,0,3
0,1388,35,0,2,9
0,1320,26,0,2,2
0,817,21,0,1,0
0,715,38,0,3,0
0,1801,44,0,2,5
0,1004,73,0,0,11
0,1085,55,0,3,4
0,153,49,0,1,2
0,315,69,0,1,0
0,1109,20,0,1,3
0,1480,25,1,1,12
0,814,27,0,0,4
0,378,64,0,0,0
0,240,56,0,1,0
0,752,35,0,3,4
0,233,21,0,1,3
0,3545,34,0,3,11
0,1039,38,0,2,57
0,821,51,0,1,2
0,945,51,0,3,2
0,872,44,0,0,1
0,5860,55,0,5,155
0,1627,37,0,2,20
0,576,30,0,1,6
0,654,56,0,1,0
0,593,24,0,1,5
0,547,19,0,2,0
0,4627,32,2,23,17
0,4360,44,0,2,11
0,2509,39,0,0,2
0,622,47,0,3,2
0,1529,74,0,1,9
0,21508,38,0,0,33
0,1209,22,0,1,6
0,694,42,0,1,4
0,303,17,0,1,0
0,1587,27,0,1,48
0,367,45,0,1,2
0,1769,19,0,3,7
0,7691,52,1,3,16
0,468,53,0,0,0
0,685,60,0,1,4
0,184,18,0,1,2
0,800,34,0,0,3
0,376,29,0,3,1
0,219,51,0,2,0
0,105,57,0,1,2
0,1962,27,0,3,9
0,560,12,0,0,5
0,743,22,0,1,0
0,778,16,1,1,6
0,941,29,0,2,1
0,1120,11,1,2,1
0,627,56,1,2,2
0,1625,42,0,2,10
0,227,36,0,1,0
0,100,122,0,1,2
0,1457,33,0,4,6
0,671,41,0,2,2
0,576,32,0,0,2
0,952,32,0,0,4
0,175,24,0,2,0
0,745,24,0,2,0
0,1848,44,3,2,7
0,1211,40,0,3,2
0,225,20,1,1,0
0,990,39,0,0,0
0,2947,31,0,3,7
0,948,30,0,1,3
0,347,23,0,3,3
0,840,34,0,1,10
0,821,22,0,0,0
0,191,33,0,1,0
0,109,32,0,0,0
0,207,38,0,1,2
0,720,40,0,3,0
0,957,17,0,2,2
0,1307,61,0,3,0
0,317,29,0,1,1
0,732,32,0,2,4
0,934,33,0,1,12
0,117,34,0,1,0
0,6969,38,0,0,6
0,1027,76,0,3,2
0,496,29,0,0,1
0,2145,33,0,6,13
0,213,52,0,1,2
0,901,17,0,1,2
0,103,41,0,1,2
0,726,23,0,1,11
0,231,34,0,1,0
0,241,29,0,0,3
0,2438,34,0,1,16
0,1306,42,1,3,14
0,234,36,0,1,4
0,223,17,0,1,0
0,341,30,0,1,1
0,990,12,0,2,9
0,858,19,0,3,4
0,1686,9,0,6,6
0,1265,33,0,4,4
0,247,47,0,1,0
0,16466,66,0,3,33
0,834,9,0,0,3
0,1166,30,1,1,7
0,2069,20,0,2,5
0,918,13,0,2,2
0,707,27,0,0,5
0,302,16,0,1,0
0,617,49,0,2,0
0,404,61,0,0,0
0,373,7,0,0,2
0,154,13,0,1,2
0,47,51,0,0,0
0,287,49,0,3,6
0,215,38,0,1,0
0,237,44,0,1,2
0,772,56,0,1,3
0,331,57,0,2,0
0,400,39,0,0,0
0,6109,26,0,1,2
0,4510,80,2,3,1
0,151,29,0,1,2
0,16444,19,2,39,77
0,5483,47,0,1,17
0,476,51,0,3,2
0,327,27,0,4,1
0,1480,30,0,1,8
0,1628,62,0,2,4
0,802,60,0,1,4
0,1117,17,0,0,0
0,437,38,0,1,0
0,1996,48,0,2,8
0,1026,35,0,2,3
0,282,35,0,0,2
0,2476,51,0,0,8
0,1431,30,0,1,4
0,485,14,0,2,3
0,727,23,0,0,4
0,714,26,1,0,0
0,150,80,0,2,2
0,126,31,0,1,0
0,1987,33,0,7,6
0,1034,27,0,4,3
0,1339,44,0,0,2
0,6304,26,0,1,2
0,2556,20,0,3,4
0,468,44,0,0,5
0,484,42,0,3,4
0,1864,10,0,4,6
0,1100,13,0,9,23
0,1422,52,0,1,7
0,1706,24,0,1,32
0,1931,58,0,5,10
0,3400,25,0,0,8
0,997,24,0,3,4
0,635,56,0,1,4
0,103,48,0,1,2
0,552,25,0,1,3
0,995,22,0,0,4
0,867,36,0,2,2
0,718,43,1,2,3
0,551,34,0,1,5
0,155,31,0,1,0
0,105,43,0,1,2
0,622,47,0,3,2
0,426,23,0,0,0
0,193,32,0,1,0
0,2907,52,1,2,21
0,106,54,0,1,2
0,581,7,0,1,2
0,287,13,0,4,3
0,170,46,0,1,0
0,1491,16,0,1,8
0,1528,17,0,0,8
0,233,21,0,1,3
0,599,30,0,4,9
0,743,31,0,2,15
0,973,33,0,3,2
0,792,52,1,1,8
0,975,33,0,0,13
0,2327,15,1,3,3
0,355,78,0,2,0
0,1519,54,0,0,6
0,610,42,0,1,0
0,239,69,0,2,0
0,539,22,0,0,6
0,470,21,0,4,3
0,805,56,0,1,0
0,882,38,0,2,4
0,1060,63,0,2,7
0,976,60,0,2,4
0,815,22,0,1,8
0,2350,8,0,3,7
0,517,21,0,2,0
0,2620,22,0,0,10
0,1147,46,1,1,6
0,990,29,0,1,12
0,540,19,0,2,2
0,783,22,0,0,0
0,1434,29,1,2,8
0,96,111,0,1,2
0,6450,37,1,2,15
0,192,32,0,1,0
0,155,86,0,2,2
0,720,57,0,2,1
0,12856,63,0,1,16
0,1391,27,0,1,11
0,662,38,0,2,4
0,5021,39,0,0,15
0,777,44,0,4,2
0,498,18,0,0,2
0,477,22,0,2,0
0,915,11,0,1,2
0,811,30,0,0,2
0,1749,51,0,0,6
0,206,36,0,1,0
0,583,22,1,0,0
0,825,35,0,1,8
0,1195,65,0,3,2
0,242,39,0,2,0
0,671,51,0,0,4
0,191,30,0,1,0
0,606,35,0,2,2
0,1014,61,0,0,0
0,660,18,0,2,5
0,836,68,1,2,4
0,1448,32,0,3,4
0,678,15,0,1,3
0,2671,16,1,3,1
0,1453,31,0,3,15
0,892,32,0,1,4
0,1834,22,0,0,4
0,1977,51,0,1,4
0,1324,22,0,0,0
0,1826,53,0,1,0
0,212,40,0,1,2
0,271,16,0,1,8
0,2863,21,0,17,1
0,1376,57,1,2,37
0,1308,47,0,2,10
0,288,23,0,1,2
0,990,51,0,6,8
0,1368,22,1,1,0
0,183,29,0,1,1
0,135,9,0,0,3
0,259,19,0,1,1
0,427,35,0,4,5
0,547,27,0,3,3
0,307,20,0,1,1
0,632,42,0,1,2
0,656,35,0,1,0
0,790,22,0,3,0
0,509,24,0,0,2
0,1362,53,0,1,4
0,154,62,0,2,2
0,378,42,0,1,0
0,762,24,0,3,3
0,2732,10,0,12,25
0,781,46,0,1,4
0,216,37,0,1,0
0,159,48,0,1,2
0,300,15,0,1,0
0,986,24,0,3,1
0,7065,27,0,3,9
0,1311,22,0,1,7
0,619,35,0,2,2
0,743,29,0,2,7
0,687,19,0,2,5
0,992,33,0,2,5
0,451,60,0,1,0
0,5776,40,0,1,26
0,197,51,0,1,0
0,547,22,0,2,3
0,236,55,0,1,2
0,2039,31,1,0,11
0,518,21,0,1,0
0,248,31,0,1,2
0,1341,40,0,3,5
0,1506,34,0,2,0
0,1451,42,0,1,6
0,244,51,0,1,0
0,1280,14,0,2,6
0,2506,26,0,0,10
0,236,32,0,1,2
0,1007,37,0,3,3
0,268,21,0,1,0
0,2109,47,0,3,4
0,633,65,0,0,2
0,1505,21,0,2,6
0,1229,30,2,1,7
0,976,48,0,2,2
0,342,11,0,1,0
0,1311,53,0,2,5
0,513,27,0,1,2
0,1116,51,0,3,8
0,1541,77,1,2,5
0,1376,67,1,2,8
0,831,16,0,4,5
0,1333,62,0,3,0
0,253,22,0,1,2
0,1489,8,0,1,8
0,544,24,0,2,2
0,187,35,0,1,2
0,755,35,0,3,6
0,177,43,0,1,3
0,173,29,0,1,2
0,899,25,0,2,3
0,1236,22,0,0,6
0,1764,29,0,1,12
0,8066,17,0,1,21
0,200,42,0,1,0
0,160,31,0,1,0
0,700,30,0,0,5
0,1611,33,0,5,3
0,804,41,0,1,6
0,158,23,0,2,2
0,1574,22,0,1,6
0,157,51,0,2,2
0,2693,26,0,0,0
0,674,31,0,2,2
0,1447,11,0,2,12
0,3270,44,0,4,13
0,2140,22,1,0,10
0,211,47,0,1,0
0,688,42,0,1,6
0,102,118,0,1,2
0,272,53,0,1,2
0,637,22,0,0,4
0,122,51,0,0,2
0,1168,46,0,3,5
0,693,15,0,3,3
0,585,16,0,1,0
0,196,44,1,1,0
0,834,29,0,2,4
0,751,60,0,1,6
0,5541,53,1,1,10
0,555,15,0,0,2
0,312,39,0,1,0
0,795,45,0,3,0
0,1297,36,0,1,2
0,1333,62,0,3,0
0,584,38,0,0,4
0,5977,48,0,1,2
0,196,39,0,1,0
0,2042,8,0,1,6
0,509,21,0,0,0
0,2582,24,0,3,11
0,160,37,0,1,0
0,1265,8,0,0,4
0,451,22,0,4,4
0,156,41,0,1,2
0,187,39,0,1,0
0,1338,33,0,4,10
0,475,19,0,1,0
0,1434,75,0,1,9
0,706,26,0,0,1
0,623,25,0,2,2
0,1624,22,0,1,6
0,872,13,0,1,4
0,1099,23,0,1,4
0,2438,34,0,1,16
0,5890,75,0,1,163
0,193,26,0,0,0
0,952,46,1,3,1
0,1008,23,0,0,2
0,474,52,0,0,8
0,958,17,0,3,12
0,599,17,0,1,2
0,1808,49,0,0,25
0,882,38,0,2,4
0,193,39,0,1,2
0,5156,52,0,4,26
0,702,45,0,3,0
0,249,41,0,1,4
0,1214,22,0,0,4
0,768,23,1,1,10
0,202,34,0,1,0
0,636,35,0,2,3
0,559,51,0,0,4
0,4126,50,0,0,38
0,350,19,0,1,2
0,2152,35,0,3,2
0,194,33,0,1,2
0,1701,25,0,2,4
0,1337,42,0,1,3
0,1180,30,0,1,7
0,1360,25,0,1,0
0,1660,32,0,3,4
0,3097,27,0,6,18
0,758,12,2,1,1
0,680,73,0,1,0
0,593,23,0,4,3
0,734,7,0,3,2
0,279,22,0,1,4
0,156,46,0,2,2
0,683,11,0,2,3
0,194,38,0,1,0
0,1443,14,0,1,55
0,127,17,0,0,0
0,181,31,0,1,0
0,746,27,0,2,5
0,2668,24,1,2,30
0,1486,34,0,3,1
0,816,31,0,4,5
0,619,26,0,1,6
0,781,67,0,3,1
0,391,4,0,2,0
0,163,51,0,2,2
0,13978,65,1,2,23
0,164,56,0,2,2
0,610,25,0,1,3
0,1215,72,0,0,3
0,2454,50,0,3,9
0,1757,22,0,8,6
0,912,29,0,1,9
0,373,10,0,4,2
0,685,30,0,2,12
0,530,49,0,0,0
0,207,13,0,1,4
0,999,25,0,2,2
0,1723,69,0,1,5
0,340,20,0,2,1
0,1456,16,0,0,11
0,1052,51,0,0,2
0,4241,33,1,3,5
0,591,60,0,0,0
0,478,42,0,0,1
0,1436,28,0,0,2
0,899,32,0,4,5
0,194,30,0,0,0
0,2055,22,0,0,18
0,1485,46,0,2,13
0,1101,24,0,1,7
0,550,22,0,0,4
0,459,15,0,0,0
0,2686,37,0,5,25
0,1971,30,0,2,6
0,889,27,0,3,13
0,1226,34,0,0,4
0,217,40,0,0,0
0,971,56,0,1,1
0,470,14,0,2,0
0,729,29,0,1,3
0,786,24,1,2,0
0,834,20,0,1,5
0,4047,53,1,11,11
0,662,32,0,1,12
0,1694,38,1,2,4
0,763,18,0,1,2
0,1355,22,0,0,2
0,419,35,0,0,0
0,631,53,0,0,2
0,249,39,0,1,2
0,270,78,0,2,0
0,3086,52,0,4,16
0,110,95,0,1,2
0,1081,23,0,1,4
0,1167,17,0,3,2
0,3967,48,0,4,8
0,772,28,0,1,4
0,967,8,0,3,0
0,886,11,0,3,4
0,194,40,0,1,0
0,1870,53,0,0,9
0,1925,16,0,0,0
0,342,16,1,1,3
0,135,5,0,2,0
0,488,78,0,3,1
0,6445,29,0,0,22
0,1012,34,0,1,6
0,6823,39,0,1,143
0,266,78,0,2,0
0,675,31,0,2,0
0,2508,22,0,0,41
0,2499,28,0,0,4
0,105,68,0,1,2
0,402,10,0,2,0
0,107,150,0,1,2
0,1013,8,0,1,8
0,826,38,0,2,2
0,9366,14,0,0,76
0,642,20,0,1,0
0,1032,41,0,5,31
0,89,33,0,1,0
0,1016,46,0,1,13
0,158,115,0,2,2
0,3697,54,1,0,0
0,1501,42,0,3,12
0,1030,30,0,2,6
0,1851,9,0,2,6
0,925,26,0,2,7
0,510,55,0,1,1
0,105,47,0,1,2
0,1225,54,0,2,6
0,2357,41,0,1,4
0,3199,17,0,3,5
0,1385,13,0,3,0
0,635,24,0,3,5
0,1660,23,0,1,5
0,3656,21,0,2,153
0,781,13,0,0,4
0,1378,16,0,0,5
0,10402,83,1,2,425
0,1410,23,1,1,9
0,452,22,0,0,3
0,1420,16,0,0,6
0,614,8,0,0,1
0,106,43,0,1,2
0,796,11,0,1,4
0,8933,37,1,2,50
0,474,36,0,4,7
0,550,23,0,0,3
0,612,26,0,2,1
0,242,68,0,2,0
0,301,22,0,1,0
0,381,21,0,1,4
0,314,24,0,1,1
0,840,32,0,0,2
0,466,41,0,3,0
0,1329,51,0,6,9
0,1155,16,0,0,8
0,1178,31,0,2,2
0,998,43,0,2,4
0,478,17,0,0,4
0,471,24,0,1,0
0,3208,22,0,0,11
0,864,77,0,4,3
0,1914,11,1,10,2
0,1705,30,0,1,4
0,132,19,0,0,3
0,811,17,0,1,4
0,298,27,0,1,0
0,501,26,0,0,6
0,4874,20,0,1,2
0,1103,4,0,12,4
0,767,62,0,2,3
0,798,49,0,2,7
0,553,21,0,1,4
0,195,30,0,1,0
0,808,51,0,0,2
0,1229,33,0,4,7
0,633,30,0,2,6
0,1801,44,0,2,5
0,592,32,0,0,0
0,273,7,0,2,0
0,1029,36,1,2,0
0,2257,38,0,1,83
0,3895,36,1,5,23
0,1762,25,0,1,36
0,1114,22,0,0,6
0,482,25,0,1,2
0,762,38,0,2,2
0,1234,30,1,1,0
0,11077,97,0,0,105
0,1584,18,0,4,4
0,222,49,0,2,0
0,2515,30,1,1,7
0,2423,45,0,0,9
0,1639,38,0,2,3
0,548,46,0,1,2
0,177,36,0,1,0
0,4903,49,0,1,19
0,1042,52,0,3,2
0,206,10,0,0,0
0,608,35,0,2,2
0,388,17,0,2,0
0,1767,29,0,2,5
0,1306,65,0,0,21
0,629,53,1,2,2
0,179,7,0,1,0
0,1075,35,0,2,2
0,1668,32,0,3,3
0,565,33,0,0,2
0,1354,43,0,4,7
0,5541,53,1,1,10
0,311,55,1,1,2
0,1332,27,0,8,10
0,325,78,0,2,2
0,192,61,0,0,0
0,1067,39,0,2,6
0,915,44,0,4,0
0,544,11,0,1,1
0,4970,53,0,1,36
0,171,67,0,1,2
0,837,42,0,0,1
0,5517,22,0,1,4
0,1590,40,0,0,6
0,2582,55,0,4,11
0,474,18,1,2,5
0,441,43,0,0,4
0,1369,31,0,0,5
0,644,17,1,1,7
0,578,42,0,1,0
0,279,33,0,0,1
0,736,44,0,1,7
0,563,11,1,1,1
0,1657,29,0,4,4
0,156,79,0,2,2
0,1062,55,0,3,7
0,495,44,0,0,3
0,1437,53,0,0,2
0,1646,20,0,1,5
0,1292,18,0,2,8
0,1808,30,1,1,11
0,3530,24,1,2,24
0,634,35,0,2,4
0,702,13,0,0,2
0,1433,23,0,0,2
0,938,34,0,1,2
0,480,22,0,3,1
0,1481,61,0,0,6
0,1315,60,0,0,3
0,3111,45,0,0,10
0,388,7,0,2,0
0,1234,37,0,3,5
0,154,29,0,2,2
0,867,36,0,2,2
0,233,29,0,1,0
0,336,24,0,1,0
0,1068,69,1,2,6
0,1069,23,0,3,9
0,1777,39,0,0,7
0,1705,41,0,5,13
0,177,33,0,1,2
0,1479,49,0,2,6
0,4322,32,1,4,27
0,1645,32,0,0,0
0,1115,56,1,2,2
0,253,33,0,1,4
0,1192,30,1,0,0
0,474,36,0,4,7
0,2103,42,0,3,10
0,385,46,0,0,1
0,814,34,0,0,1
0,1067,29,0,0,4
0,518,52,0,1,5
0,1080,22,0,1,14
0,445,78,0,2,0
0,167,20,0,2,2
0,6493,28,0,2,14
0,1779,73,1,2,2
0,743,36,0,3,4
0,3206,25,1,3,44
0,2289,49,0,0,2
0,400,13,0,3,5
0,1039,45,0,1,1
0,1078,61,0,2,2
0,1050,38,1,1,5
0,301,28,0,0,0
0,713,62,0,1,4
0,1367,53,0,0,0
0,2357,36,0,0,10
0,905,49,0,1,4
0,1116,45,0,2,10
0,2469,18,0,1,4
0,349,17,0,1,0
0,963,15,0,1,5
0,1245,25,0,1,10
0,631,27,0,1,8
0,698,50,0,0,2
0,200,37,0,1,0
0,258,33,0,1,2
0,1377,56,0,2,2
0,2207,51,0,0,4
0,971,42,1,2,6
0,1122,41,1,2,4
0,2428,30,0,0,147
0,213,38,0,1,0
0,390,24,0,3,13
0,979,78,0,6,1
0,206,39,0,1,0
0,1921,62,0,1,4
0,6990,47,1,1,8
0,410,18,0,0,0
0,939,42,1,1,12
0,1031,22,0,2,8
0,265,28,0,1,2
0,4584,32,0,2,21
0,322,65,1,0,3
0,521,31,0,1,3
0,395,27,0,1,1
0,803,16,0,0,6
0,1127,44,0,1,6
0,1917,32,0,3,4
0,196,40,0,1,0
0,2317,46,0,1,9
0,618,31,0,1,16
0,2281,30,0,1,23
0,943,29,0,0,2
0,1015,46,0,3,10
0,3235,28,1,34,13
0,3558,37,0,1,8
0,2497,51,0,0,7
0,1543,24,1,2,2
0,8151,65,0,2,3
0,2329,54,0,2,14
0,2875,32,0,1,6
0,1423,33,0,0,0
0,1014,23,0,1,7
0,1240,22,0,4,3
0,728,22,1,2,7
0,408,42,0,1,5
0,316,48,0,0,3
0,221,39,0,1,2
0,1285,14,1,1,11
0,1381,43,0,0,19
0,1240,22,0,0,2
0,370,56,0,4,3
0,162,26,0,1,0
0,597,34,0,2,2
0,2069,20,0,2,5
0,1557,38,0,1,4
0,964,14,0,0,5
0,1043,8,0,1,7
0,1579,34,0,2,5
0,726,25,0,1,7
0,396,50,0,0,2
0,1360,33,0,4,5
0,349,17,0,1,0
0,1417,45,0,1,1
0,1581,50,0,2,2
0,878,39,0,3,8
0,157,45,0,2,2
0,2066,45,0,4,4
0,1345,33,0,6,3
0,1220,32,0,2,7
0,715,26,0,1,0
0,1269,37,0,1,0
0,1192,23,0,1,5
0,1001,55,0,2,3
0,3055,64,0,2,5
0,7163,40,0,0,34
0,802,24,0,1,4
0,602,16,0,1,8
0,575,26,0,0,11
0,621,14,0,2,4
0,827,53,0,2,0
0,189,13,0,1,4
0,1058,28,0,2,7
0,1032,26,1,1,6
0,471,78,0,2,2
0,339,8,0,2,0
0,1956,39,0,1,19
0,707,26,0,0,0
0,1584,31,0,2,3
0,602,59,0,0,4
0,245,64,0,2,0
0,164,35,0,2,2
0,3004,88,0,5,2
0,157,7,0,2,2
0,727,12,0,3,4
0,349,39,0,3,4
0,881,29,0,1,6
0,354,40,0,1,6
0,1324,32,0,2,4
0,1383,30,0,3,0
0,297,12,2,0,2
0,778,76,0,2,14
0,302,28,0,1,0
0,100,30,0,1,2
0,376,41,0,1,2
0,379,33,0,0,0
0,788,39,0,1,2
0,539,34,0,1,0
0,150,88,0,2,2
0,779,16,0,1,2
0,500,22,0,1,8
0,728,74,0,1,2
0,737,61,0,0,0
0,3374,32,1,4,13
0,556,16,0,1,6
0,13168,22,3,8,41
0,3807,50,1,0,42
0,904,60,0,0,7
0,2428,40,0,3,6
0,215,25,0,1,2
0,103,57,0,1,2
0,523,28,0,2,7
0,797,29,0,0,9
0,229,41,0,1,0
0,207,38,0,1,0
0,426,18,0,0,0
0,162,99,0,2,2
0,426,38,0,4,3
0,514,11,0,1,3
0,746,50,1,3,3
0,112,73,0,1,2
0,1109,37,0,2,6
0,4801,23,0,0,12
0,826,38,0,2,2
0,1736,29,1,3,3
0,650,46,0,1,2
0,162,33,0,1,0
0,495,46,0,1,5
0,115,18,0,1,0
0,216,32,0,1,0
0,385,16,0,1,1
0,531,42,0,1,3
0,134,19,0,1,2
0,584,38,0,0,4
0,1840,47,0,2,2
0,5130,56,1,8,25
0,608,54,0,2,2
0,878,7,1,5,11
0,633,23,0,0,1
0,6578,16,1,3,10
0,1006,17,0,2,4
0,2452,26,0,0,6
0,809,74,0,0,6
0,1005,40,0,4,5
0,2005,22,0,0,9
0,4262,49,0,1,17
0,1277,42,0,1,4
0,557,78,0,3,0
0,1233,33,0,4,3
0,1064,45,0,1,2
0,3626,19,0,2,6
0,539,10,0,1,2
0,234,36,0,1,4
0,360,78,0,2,0
0,1962,27,0,3,9
0,1907,23,0,1,12
0,770,53,0,2,10
0,953,62,0,0,6
0,2176,11,1,4,19
0,200,42,0,1,0
0,162,126,0,2,2
0,1460,18,1,0,10
0,1086,30,1,2,4
0,201,49,0,1,0
0,1172,22,0,1,1
0,280,19,0,1,4
0,1129,50,0,0,12
0,1257,62,0,1,3
0,683,26,0,1,2
0,1518,28,0,0,8
0,3302,33,1,11,13
0,1316,51,0,1,2
0,187,10,0,2,0
0,11546,26,1,42,71
0,1060,63,0,2,7
0,194,38,0,1,0
0,1663,67,0,2,5
0,1971,59,1,2,2
0,615,55,0,2,3
0,1212,42,0,0,0
0,1621,15,1,0,3
0,203,40,0,1,2
0,1986,22,0,0,5
0,317,39,0,0,1
0,1688,16,0,0,3
0,1594,17,0,1,6
0,849,73,0,3,5
0,1172,18,1,2,8
0,743,46,0,2,5
0,155,34,0,1,2
0,4359,30,0,0,23
0,1601,11,0,9,7
0,554,110,0,1,0
0,895,10,0,1,2
0,917,41,0,1,0
0,1529,13,0,3,8
0,213,22,0,1,4
0,1195,65,0,3,2
0,114,47,0,1,2
0,773,34,0,2,2
0,1371,13,0,3,2
0,259,63,0,0,0
0,833,18,0,0,4
0,939,11,1,0,7
0,993,41,0,1,2
0,895,10,0,1,2
0,979,14,0,1,6
0,1340,30,0,1,1
0,2655,58,0,4,7
0,638,42,1,0,2
0,1055,68,1,1,2
0,1143,28,0,0,0
0,226,36,0,1,2
0,6760,12,1,1,26
0,1047,41,0,0,5
0,7942,47,0,1,0
0,1108,62,0,0,12
0,1021,23,0,1,2
0,788,22,0,3,4
0,523,19,0,1,0
0,718,36,0,2,2
0,95,54,0,1,2
0,1639,38,0,2,3
0,1155,30,0,1,35
0,1316,18,0,0,7
0,1408,77,0,2,0
0,538,36,0,4,3
0,1542,44,0,0,8
0,1316,14,0,2,4
0,1196,46,1,1,0
0,470,47,0,0,6
0,482,14,0,0,0
0,564,20,0,1,2
0,2598,45,0,1,44
0,1652,20,0,4,7
0,680,73,0,1,0
0,868,17,1,1,0
0,1023,22,0,2,6
0,162,32,0,1,0
0,2518,27,1,1,13
0,7527,30,0,3,12
0,600,25,0,1,5
0,1180,23,0,0,4
0,1522,55,0,0,6
0,943,21,0,1,4
0,1635,63,0,4,4
0,328,76,0,2,3
0,2612,48,0,0,12
0,437,38,0,1,0
0,1696,37,0,5,3
0,2351,3,1,1,1
0,1070,40,0,2,2
0,255,28,0,3,4
0,331,28,0,1,0
0,732,32,0,2,4
0,168,39,0,1,0
0,752,11,0,1,2
0,415,64,0,0,1
0,109,125,0,1,2
0,1609,16,0,0,8
0,1250,25,0,1,7
0,3747,32,2,1,1
0,1027,39,0,0,1
0,4716,44,1,1,4
0,274,49,0,0,0
0,236,55,0,1,2
0,1217,16,0,0,3
0,963,23,0,0,3
0,881,78,0,3,4
0,1049,32,0,4,3
0,841,20,1,4,4
0,1871,33,0,7,11
0,3107,11,0,3,48
0,1146,32,0,2,4
0,822,43,0,3,2
0,733,26,0,0,10
0,514,60,0,0,2
0,999,26,0,1,10
0,577,22,0,0,3
0,188,40,0,1,0
0,854,29,0,1,14
0,874,51,0,0,6
0,537,23,0,0,9
0,500,46,0,2,0
0,1717,22,0,0,8
0,403,78,1,2,0
0,381,23,0,1,3
0,159,27,0,1,0
0,2324,33,0,7,10
0,396,50,0,0,2
0,1666,21,2,2,6
0,476,24,0,1,2
0,1015,43,0,0,0
0,1225,44,0,1,5
0,201,46,0,0,1
0,1280,14,0,2,6
0,3752,92,1,2,111
0,209,42,1,1,0
0,1223,32,0,2,12
0,608,35,0,2,2
0,941,24,0,1,4
0,2680,22,0,0,33
0,1574,33,1,1,8
0,1152,22,0,2,5
0,184,33,0,1,0
0,1588,31,0,0,18
0,158,67,0,2,2
0,3874,32,0,2,12
0,2440,14,0,1,13
0,1395,49,0,2,4
0,372,52,0,1,3
0,1127,21,1,1,6
0,1112,56,0,0,2
0,1038,48,0,2,12
0,202,49,0,1,0
0,1506,16,0,2,12
0,3136,62,0,1,15
0,1190,28,0,0,8
0,1891,32,0,2,30
0,389,22,0,4,4
0,776,46,0,4,6
0,1145,44,0,2,4
0,1346,32,0,1,8
0,440,28,0,2,0
0,3963,49,0,1,14
0,395,21,0,1,0
0,107,76,0,1,2
0,963,44,0,3,0
0,756,45,0,3,17
0,471,46,0,1,4
0,971,21,0,1,2
0,921,23,0,0,2
0,6729,43,0,3,27
0,746,41,0,3,4
0,1310,29,0,1,7
0,763,48,0,2,0
0,432,17,0,1,3
0,586,30,0,1,11
0,986,44,0,0,3
0,1544,20,0,4,9
0,525,11,0,0,7
0,263,16,0,2,0
0,485,39,0,1,1
0,296,39,0,1,0
0,208,45,0,1,0
0,1628,34,2,1,8
0,2146,30,0,0,164
0,204,25,0,1,2
0,1617,27,0,2,15
0,661,28,0,4,4
0,7991,42,0,0,6
0,1601,15,0,4,12
0,517,20,0,1,2
0,2143,35,1,1,47
0,935,48,1,2,5
0,7025,29,0,0,14
0,2073,42,0,4,2
0,523,19,0,1,0
0,712,26,0,1,7
0,1015,19,0,1,4
0,2926,48,0,0,3
0,306,78,0,2,0
0,342,22,0,2,2
0,1538,44,0,3,6
0,713,34,0,4,2
0,621,14,0,2,4
0,315,37,0,1,0
0,559,37,0,4,3
0,264,45,0,1,2
0,332,22,0,1,3
0,1674,42,0,1,2
0,350,36,0,2,4
0,802,46,0,1,0
0,121,53,0,0,0
0,1293,38,0,5,2
0,4630,17,1,2,1
0,772,28,0,1,4
0,1540,42,0,3,5
0,755,35,0,3,6
0,350,24,0,1,3
0,2721,42,2,3,27
0,1909,32,0,3,17
0,407,78,0,4,0
0,697,43,0,2,2
0,2720,18,0,1,13
0,2567,39,0,0,13
0,685,26,0,0,0
0,1110,27,0,1,10
0,2535,33,1,8,12
0,810,11,0,2,7
0,2238,40,0,0,14
0,821,26,0,3,12
0,195,47,0,1,0
0,2196,31,0,0,10
0,258,30,0,1,4
0,288,53,0,1,0
0,1162,49,0,3,8
0,199,43,0,1,0
0,2636,32,0,2,6
0,1946,22,0,0,22
0,1422,38,0,2,8
0,1253,27,0,4,2
0,2695,27,0,4,11
0,1077,26,1,2,4
0,196,44,0,1,0
0,1446,32,0,2,13
0,831,63,0,2,3
0,766,42,0,2,4
0,2900,48,1,5,9
0,747,41,0,2,6
0,678,33,0,3,2
0,882,35,0,4,7
0,1324,45,0,1,8
0,785,39,0,2,3
0,2120,65,1,1,4
0,1220,44,0,2,7
0,375,42,0,0,0
0,88,105,0,0,0
0,739,24,0,2,2
0,208,31,0,0,0
0,482,25,0,1,2
0,1278,44,0,4,5
0,499,39,0,0,4
0,20011,34,0,0,33
0,707,50,0,0,0
0,640,22,0,1,6
0,1436,44,3,2,6
0,165,27,0,1,2
0,522,36,0,6,3
0,312,62,0,0,4
0,109,50,0,1,2
0,752,32,0,2,4
0,403,29,0,1,0
0,633,17,0,2,39
0,347,27,0,0,2
0,105,49,0,1,2
0,2598,63,0,6,8
0,1104,11,0,1,4
0,1047,39,0,3,6
0,787,35,1,1,3
0,523,19,0,1,0
0,222,35,0,1,2
0,20687,38,0,0,33
0,1355,60,0,3,6
0,812,31,0,4,6
0,2311,24,0,1,10
0,1420,22,0,1,1
0,438,18,0,1,0
0,163,37,0,2,2
0,2143,44,0,3,6
0,487,33,0,3,3
0,1469,53,0,2,4
0,4343,50,1,0,187
0,194,45,0,1,0
0,2275,26,0,0,2
0,846,21,0,2,4
0,1055,56,0,1,9
0,2297,16,0,3,12
0,1287,55,0,2,2
0,4313,84,1,2,6
0,243,74,0,2,1
0,2755,56,0,3,16
0,1765,49,0,1,0
0,1128,71,1,2,10
0,866,40,0,4,3
0,1612,27,1,3,11
0,203,53,0,1,2
0,1904,32,0,2,16
0,1631,25,1,2,35
0,1749,43,1,3,7
0,638,69,0,1,3
0,361,21,0,4,2
0,573,23,0,1,3
0,3881,25,1,3,94
0,1883,20,0,2,2
0,2961,50,1,0,0
0,191,46,0,1,0
0,108,37,0,1,2
0,1110,22,0,0,2
0,788,81,0,3,4
0,534,34,0,1,3
0,1569,38,0,0,4
0,6188,12,0,2,7
0,205,41,0,1,0
0,404,29,0,0,8
0,1053,27,1,3,8
0,1328,21,1,1,52
0,1081,29,0,1,3
0,607,38,0,1,2
0,205,45,0,1,0
0,733,13,0,2,9
0,858,43,0,2,4
0,805,63,0,1,4
0,1575,29,0,4,4
0,162,68,0,2,2
0,1509,33,1,7,7
0,632,44,0,0,3
0,201,36,0,1,0
0,1107,42,0,2,2
0,1537,39,0,2,5
0,4248,43,0,0,12
0,1595,20,0,5,11
0,484,48,0,0,2
0,456,34,0,2,2
0,251,31,0,1,0
0,162,32,0,1,2
0,901,18,1,3,8
0,2892,45,0,3,4
0,327,26,0,1,0
0,4411,77,0,2,10
0,656,49,0,1,0
0,1484,25,0,1,0
0,1334,33,0,6,4
0,241,27,0,1,4
0,710,19,0,1,2
0,157,18,0,2,2
0,2251,32,0,5,6
0,1901,16,0,2,10
0,1450,34,0,1,16
0,211,39,0,1,0
0,259,16,0,0,0
0,1237,36,0,5,9
0,777,9,1,2,0
0,3420,32,0,0,10
0,1011,2,2,4,9
0,1701,43,0,3,9
0,1598,33,0,3,4
0,482,17,0,2,2
0,3545,34,0,3,11
0,1167,52,1,2,21
0,1116,45,0,2,10
0,94,69,0,1,2
0,1480,27,0,2,10
0,5408,37,0,3,11
0,215,26,0,1,4
0,1037,43,0,1,23
0,166,45,0,1,0
0,2154,54,0,0,20
0,319,29,0,1,5
0,3082,34,0,1,10
0,255,43,0,0,2
0,336,78,0,2,0
0,2268,40,0,4,8
0,2093,44,1,4,2
0,621,30,0,4,1
0,762,29,0,1,5
0,102,106,0,1,2
0,1466,24,0,2,9
0,888,50,0,0,4
0,925,24,0,2,4
0,1235,27,0,0,10
0,1196,53,0,2,7
0,2792,17,2,3,2
0,309,38,0,4,3
0,728,13,0,7,6
0,275,16,0,1,8
0,1622,56,0,1,10
0,594,11,0,3,4
0,187,31,0,1,0
0,4740,42,3,2,7
0,535,35,0,0,9
0,196,30,0,1,0
0,1560,51,0,0,0
0,703,46,0,4,4
0,634,23,0,0,0
0,116,89,0,1,2
0,451,55,0,0,0
0,2873,27,0,0,6
0,3147,67,0,1,8
0,904,15,0,2,4
0,448,17,0,5,5
0,1145,44,0,2,4
0,653,39,0,0,1
0,1562,24,0,1,11
0,810,51,0,2,8
0,877,61,1,1,2
0,395,21,0,1,0
0,2269,42,0,0,6
0,105,34,0,1,2
0,2288,33,0,8,7
0,1176,68,0,4,9
0,1508,23,0,1,3
0,174,40,0,1,2
0,1513,22,0,4,11
0,100,55,0,1,2
0,286,13,1,2,0
0,219,41,0,2,0
0,1796,28,0,5,4
0,768,66,0,1,2
0,1015,84,0,2,19
0,1609,48,0,4,8
0,1692,36,0,4,0
0,488,31,0,4,3
0,1304,14,0,2,6
0,3208,30,0,2,8
0,1116,6,1,1,8
0,1321,24,0,4,4
0,627,42,0,1,0
0,1205,33,0,4,3
0,35346,43,2,1,48
0,1150,23,0,0,8
0,1248,17,0,2,4
0,562,4,0,2,0
0,1813,24,1,19,2
0,1649,27,0,1,36
0,1966,42,0,0,16
0,20687,38,0,0,33
0,1868,45,0,0,10
0,162,84,0,2,2
0,850,28,0,0,1
0,465,35,0,1,3
0,396,28,0,1,3
0,739,49,0,2,2
0,1374,13,0,4,2
0,1453,33,0,5,5
0,253,53,0,1,3
0,1220,43,0,0,13
0,35010,20,0,1,19
0,334,39,0,1,0
0,345,23,0,0,9
0,153,58,0,2,2
0,840,34,0,1,10
0,614,40,0,2,3
0,884,22,0,0,5
0,810,24,0,3,2
0,517,29,0,0,3
0,558,15,0,0,16
0,557,20,0,2,2
0,390,26,0,1,0
0,3193,61,0,1,13
0,454,35,0,0,5
0,455,22,0,0,0
0,178,18,0,1,2
0,367,24,0,3,5
0,385,7,0,2,0
0,2354,30,0,1,18
0,946,39,0,1,0
0,618,35,0,2,2
0,4135,10,1,1,10
0,461,34,0,1,4
0,198,40,0,1,2
0,536,17,0,1,5
0,199,43,0,1,0
0,1472,17,1,2,2
0,1225,22,0,0,4
0,344,15,0,3,3
0,791,51,0,2,6
0,363,13,0,1,1
0,412,34,0,1,2
0,626,35,0,2,2
0,699,27,0,1,3
0,902,35,0,4,8
0,2518,58,0,0,16
0,495,18,0,2,2
0,812,31,0,1,1
0,411,62,0,1,3
0,1654,36,0,5,10
0,3750,50,0,1,25
0,1841,46,0,3,11
0,111,55,0,1,2
0,1195,19,0,5,0
0,1265,24,1,3,9
0,1852,22,1,1,2
0,1922,63,0,4,6
0,867,40,1,1,0
0,280,19,0,1,4
0,1597,17,0,4,4
0,752,21,0,1,0
0,6100,32,1,2,4
0,345,23,0,0,9
0,602,39,0,0,0
0,10869,66,1,2,6
0,177,33,0,1,0
0,265,47,0,1,2
0,328,22,1,1,3
0,4673,55,0,2,5
0,607,59,0,2,2
0,1166,59,0,0,4
0,1127,37,0,2,0
0,765,44,0,0,0
0,213,33,0,1,2
0,157,33,0,2,2
0,1373,45,0,1,36
0,606,44,0,3,4
0,304,40,0,1,2
0,1884,14,2,2,14
0,2367,24,1,1,15
0,1311,17,0,4,2
0,1203,32,0,3,3
0,800,20,0,2,2
0,490,20,0,0,0
0,288,29,0,0,0
0,1001,18,1,0,1
0,364,78,0,2,0
0,2646,54,0,2,3
0,173,41,0,1,2
0,590,11,0,0,2
0,191,60,0,2,0
0,199,40,0,1,2
0,1207,48,0,2,4
0,343,20,0,0,12
0,733,11,0,1,3
0,1625,43,1,3,5
0,1418,34,0,1,4
0,631,24,0,1,4
0,1064,29,0,2,2
0,242,26,0,0,0
0,2406,41,0,4,3
0,1353,38,0,2,9
0,1154,51,0,2,6
0,746,50,1,3,3
0,2622,21,0,4,43
0,912,11,0,2,0
0,912,90,0,3,0
0,433,4,1,2,0
0,1069,11,0,2,0
0,925,37,0,0,14
0,2924,112,1,0,4
0,910,24,0,0,0
0,1223,60,0,1,2
0,1118,9,0,1,2
0,1299,7,1,3,16
0,677,28,0,2,2
0,1584,58,0,1,3
0,1084,69,1,3,2
0,1224,34,0,4,15
0,4249,30,1,21,11
0,633,26,0,1,0
0,347,23,0,3,3
0,2324,33,0,7,10
0,1940,14,0,0,8
0,459,35,0,1,0
0,243,34,0,2,3
0,1063,11,0,4,3
0,1866,30,0,2,7
0,1625,42,0,0,0
0,1420,44,0,2,1
0,819,15,0,0,4
0,398,24,0,1,1
0,979,14,0,1,6
0,2676,61,0,2,3
0,1324,47,0,2,5
0,7093,20,1,1,3
0,957,32,0,0,2
0,724,32,0,1,0
0,1409,43,0,4,5
0,201,37,0,1,0
0,1180,27,0,2,4
0,1527,43,0,2,7
0,1760,26,1,1,16
0,2705,22,0,1,30
0,838,7,0,2,1
0,148,17,0,1,2
0,1036,23,0,1,4
0,412,21,0,0,0
0,1786,32,0,0,6
0,982,17,0,1,12
0,208,36,0,1,0
0,8254,22,0,0,87
0,524,15,0,2,3
0,1324,27,1,0,12
0,1454,49,0,2,113
0,278,44,0,0,1
0,1245,35,0,0,6
0,969,69,1,0,2
0,482,25,0,1,2
0,312,23,0,1,0
0,102,98,0,1,2
0,1801,44,0,2,5
0,2186,17,0,2,2
0,252,23,0,0,3
0,381,18,0,2,0
0,2552,38,1,3,11
0,547,19,0,2,0
0,4347,79,0,1,9
0,1103,39,0,2,4
0,157,9,0,2,2
0,3563,41,0,2,73
0,1741,63,0,2,5
0,466,24,0,2,0
0,1195,63,0,2,4
0,1549,90,0,3,6
0,1308,26,0,4,2
0,310,52,0,1,1
0,1168,24,0,1,6
0,2956,81,0,0,14
0,372,21,0,1,1
0,544,11,0,1,1
0,662,38,0,2,4
0,991,18,1,1,6
0,900,38,0,3,2
0,2758,94,0,3,22
0,536,17,0,1,5
0,6277,36,2,1,10
0,1296,10,0,2,8
0,1546,29,0,3,12
0,580,25,0,1,0
0,342,11,0,1,0
0,864,17,0,2,1
0,1101,42,0,1,2
0,2183,27,0,5,15
0,3339,23,0,1,11
0,877,29,0,1,3
0,1646,61,0,2,2
0,1652,50,0,1,8
0,2421,31,0,0,202
0,1911,61,0,2,2
0,275,13,0,1,0
0,495,97,0,0,0
0,516,44,0,2,1
0,102,61,0,1,2
0,206,45,0,1,0
0,768,60,0,2,6
0,4254,78,0,0,18
0,821,12,0,1,2
0,1297,20,0,1,20
0,725,27,1,0,6
0,203,31,0,1,0
0,1096,45,0,0,8
0,237,25,0,2,0
0,899,45,0,0,2
0,2281,20,1,2,9
0,1290,29,0,0,14
0,157,45,0,0,0
0,272,52,0,1,2
0,593,35,0,2,2
0,1667,43,0,3,6
0,2802,8,0,0,13
0,1526,40,0,1,22
0,1150,30,0,1,2
0,1587,27,0,1,48
0,1145,39,0,1,14
0,736,26,0,1,8
0,1149,42,0,0,0
0,586,30,0,1,11
0,1300,62,0,0,6
0,1570,56,0,0,4
0,2219,44,0,2,6
0,476,41,0,2,2
0,393,29,0,0,2
0,462,30,0,0,3
0,6635,15,1,1,17
0,700,36,0,2,2
0,1127,44,0,1,6
0,977,78,0,2,0
0,175,27,0,1,2
0,1316,21,0,2,8
0,4443,74,0,0,23
0,615,57,0,2,2
0,135,26,0,1,2
0,1580,21,0,1,6
0,1206,55,1,2,10
0,320,40,0,1,3
0,2499,33,0,14,7
0,992,41,0,2,13
0,2070,30,0,1,7
0,643,61,0,4,4
0,236,34,0,0,0
0,4215,32,0,2,21
0,923,11,0,3,2
0,1481,63,0,4,2
0,642,35,0,1,1
0,2277,17,0,0,6
0,1766,40,0,7,4
0,219,15,0,0,0
0,287,16,0,1,0
0,2017,16,0,1,5
0,502,36,0,1,1
0,1914,39,0,2,4
0,319,18,0,1,2
0,1331,33,0,5,3
0,966,44,0,1,0
0,440,55,0,3,3
0,626,35,0,2,2
0,208,46,0,1,0
0,652,24,0,0,6
0,3605,44,0,0,20
0,40205,65,0,0,12
0,890,22,0,0,4
0,135,22,0,1,0
0,579,51,0,2,0
0,1642,35,1,2,9
0,6632,20,1,23,26
0,3678,56,0,0,14
0,95,124,0,1,2
0,395,39,0,0,2
0,1083,21,0,1,6
0,670,40,0,2,2
0,1015,26,0,1,1
0,648,22,0,0,2
0,686,28,0,1,2
0,463,39,0,1,4
0,869,62,0,2,3
0,163,55,0,2,2
0,162,32,0,1,0
0,1689,49,0,1,6
0,1409,30,2,1,12
0,288,25,0,1,0
0,600,37,0,3,5
0,532,61,0,0,0
0,2054,18,0,6,19
0,663,8,0,1,3
0,1449,24,0,1,2
0,233,42,0,2,0
0,766,5,0,7,6
0,610,51,0,1,4
0,1574,34,0,0,4
0,758,33,0,0,10
0,221,51,0,0,2
0,261,17,0,1,2
0,497,77,0,2,2
0,1826,29,0,0,11
0,1346,30,0,2,3
0,1468,42,1,1,16
0,932,11,1,1,2
0,1235,38,0,3,4
0,157,15,0,2,2
0,1313,31,0,2,6
0,836,29,0,2,0
0,648,33,0,0,2
0,1244,24,0,2,0
0,1115,27,0,1,6
0,204,34,0,1,0
0,784,7,0,1,7
0,209,38,0,1,0
0,203,31,0,1,0
0,4255,52,0,1,8
0,1102,55,0,0,5
0,215,30,0,1,2
0,538,26,0,0,0
0,287,49,0,3,6
0,674,45,0,2,2
0,2721,24,0,1,27
0,206,47,0,1,0
0,1292,28,0,0,6
0,586,30,0,1,11
0,519,45,0,0,0
0,1612,38,0,2,8
0,1251,33,0,4,7
0,890,45,0,2,3
0,803,27,1,1,6
0,238,25,0,2,0
0,642,60,0,3,0
0,1751,25,0,2,5
0,3344,29,1,3,19
0,2480,26,0,1,3
0,1192,29,0,0,7
0,601,35,0,2,2
0,730,38,0,2,2
0,1184,17,1,1,3
0,281,77,0,2,0
0,219,37,0,1,0
0,1126,42,0,1,0
0,1086,94,0,3,6
0,197,36,0,2,0
0,748,51,0,2,2
0,423,28,0,0,1
0,278,20,0,2,0
0,421,15,0,3,0
0,1143,47,0,0,0
0,993,52,0,2,2
0,1827,21,0,3,4
0,2098,52,0,1,6
0,3463,38,0,3,19
0,3660,24,1,4,5
0,6857,76,3,6,28
0,864,53,0,2,0
0,1163,33,0,5,9
0,1443,40,0,0,4
0,518,28,1,0,0
0,3240,74,1,3,27
0,463,39,0,1,4
0,2596,26,0,0,16
0,623,18,0,3,5
0,315,69,0,1,0
0,1471,23,1,4,7
0,1611,37,0,8,8
0,834,9,0,0,3
0,657,7,0,2,4
0,778,30,0,2,6
0,1313,24,0,3,4
0,456,20,0,4,3
0,1846,20,0,2,20
0,887,69,0,2,3
0,840,27,0,0,7
0,164,148,0,2,2
0,1141,25,0,1,8
0,390,24,0,3,13
0,1821,13,0,4,1
0,246,48,0,0,1
0,896,38,0,3,4
0,396,15,0,0,2
0,3831,23,0,1,9
0,1648,24,1,2,2
0,7529,51,1,2,10
0,324,34,0,0,0
0,674,64,0,1,0
0,1065,51,0,0,2
0,6251,23,0,0,21
0,1574,34,0,0,4
0,1284,29,0,0,0
0,254,56,0,2,2
0,1265,34,0,0,4
0,613,24,0,1,3
0,1478,35,0,4,6
0,912,14,0,2,2
0,606,35,0,2,2
0,380,26,0,0,2
0,15882,24,0,1,46
0,1113,43,0,2,5
0,663,33,0,0,1
0,2394,46,0,3,5
0,166,121,0,2,2
0,1330,22,0,0,38
0,602,12,0,2,2
0,10894,79,0,4,22
0,1318,18,1,1,9
0,502,23,0,1,3
0,862,29,0,1,0
0,1569,47,0,2,4
0,366,20,0,2,2
0,651,11,0,3,0
0,364,64,0,0,2
0,940,42,0,2,2
0,1840,41,0,3,5
0,395,21,0,1,0
0,154,38,0,1,2
0,1164,35,0,2,9
0,536,19,0,2,2
0,281,41,0,2,3
0,2001,31,0,3,10
0,3734,28,0,1,14
0,1166,59,0,0,4
0,847,60,1,2,4
0,335,11,0,1,2
0,3854,68,0,6,115
0,2061,64,0,6,10
0,451,28,1,0,3
0,350,30,0,1,0
0,929,27,0,1,21
0,192,36,0,1,2
0,317,22,0,1,0
0,2906,42,0,2,14
0,988,38,0,1,2
0,2190,11,0,2,11
0,255,59,0,2,2
0,1861,13,0,1,14
0,624,76,0,1,0
0,4201,32,0,2,19
0,2838,38,0,3,3
0,828,53,0,1,5
0,208,52,0,0,2
0,1893,47,1,0,13
0,825,19,0,2,6
0,1157,39,0,1,9
0,1791,51,0,1,3
0,618,35,0,2,2
0,1190,21,0,2,13
0,258,41,0,1,3
0,3172,33,0,15,23
0,743,11,0,7,6
0,284,77,0,2,0
0,266,25,0,1,4
0,624,76,0,1,0
0,1132,46,0,2,6
0,1659,45,0,0,2
0,207,21,0,1,4
0,1175,23,0,1,1
0,1312,33,0,2,6
0,717,57,0,2,1
0,497,49,0,1,0
0,457,63,0,0,1
0,676,4,0,2,4
0,687,21,0,1,0
0,917,24,0,2,5
0,1801,44,0,2,5
0,803,33,0,0,6
0,210,44,0,2,1
0,1018,30,0,1,7
0,798,46,0,5,4
0,197,34,0,1,0
0,1386,29,0,2,5
0,647,51,0,3,2
0,1786,85,2,2,3
0,180,37,0,1,0
0,724,35,0,1,2
0,1277,22,0,0,11
0,215,53,0,1,0
0,613,35,0,2,2
0,1145,27,0,3,13
0,809,46,0,1,3
0,312,27,0,1,0
0,730,78,0,4,12
0,408,24,0,2,3
0,1403,53,0,0,1
0,2199,33,0,9,16
0,226,20,0,1,2
0,1160,22,0,1,8
0,1519,31,0,1,12
0,1625,33,0,4,10
0,889,30,0,0,4
0,807,33,0,0,2
0,851,51,0,2,0
0,515,34,0,1,2
0,363,17,1,1,0
0,679,22,0,2,0
0,582,44,0,1,1
0,1116,31,0,2,4
0,1300,37,0,1,6
0,3637,49,0,1,13
0,5589,25,0,1,4
0,297,62,0,1,0
0,785,12,2,0,2
0,637,75,0,4,3
0,769,35,0,3,6
0,2436,42,0,1,10
0,1014,61,0,3,3
0,197,38,0,1,0
0,514,11,0,1,3
0,944,35,0,2,1
0,20011,34,0,0,33
0,1957,41,0,2,11
0,285,28,0,1,0
0,141,33,0,0,0
0,302,22,0,0,3
0,817,47,0,2,4
0,151,33,0,1,2
0,1063,23,0,5,4
0,1257,11,0,1,2
0,1536,22,0,1,12
0,1166,20,0,4,10
0,1212,27,0,1,2
0,200,29,0,1,0
0,157,40,0,2,2
0,953,39,0,1,2
0,926,34,0,1,0
0,758,41,0,2,9
0,156,39,0,1,2
0,612,26,0,2,1
0,264,50,0,0,0
0,2055,28,0,2,27
0,742,22,0,0,0
0,558,21,0,2,2
0,1268,38,0,2,2
0,781,35,0,3,6
0,365,46,0,1,0
0,193,44,0,1,0
0,1443,14,0,1,55
0,196,30,0,1,0
0,232,7,0,1,0
0,3721,27,0,1,24
0,193,34,0,1,0
0,307,23,0,0,2
0,1111,7,0,0,2
0,266,29,0,1,0
0,534,23,0,1,3
0,197,26,0,1,2
0,553,21,0,1,4
0,1894,25,1,2,16
0,573,52,0,1,3
0,284,77,0,2,0
0,1426,69,1,0,2
0,208,50,0,2,0
0,223,17,0,1,0
0,1557,30,0,1,17
0,420,22,0,1,3
0,189,33,0,1,0
0,498,16,0,1,2
0,640,25,0,2,1
0,241,30,0,0,2
0,558,21,0,2,2
0,748,35,0,3,4
0,2439,46,0,1,9
0,3309,44,0,0,11
0,2584,28,0,0,19
0,1092,26,0,0,14
0,368,35,0,1,1
0,1323,44,0,0,7
0,1099,56,0,3,8
